id,tagged_sentence
3,"[('For', 'FW'), ('you', 'NN'), ('have', 'NP'), ('been', 'CC'), ('reborn', 'QL'), (',', ':-'), ('not', 'BE'), ('from', '--'), ('corruptible', 'START'), ('seed', 'WD'), ('but', 'END'), ('from', '.-'), ('incorruptible', 'START'), (',', '.'), ('through', ',-'), ('the', 'RP'), ('word', 'PN'), ('of', 'RN'), ('God', 'AT'), ('.', ',')]"
68,"[('Wound-tumor', 'BE'), ('virus', 'AB'), ('is', 'HV'), ('a', 'JJ'), ('leafhopper', 'RN'), ('transmitted', ""''""), ('virus', 'CS'), ('not', '--'), ('easily', 'PP'), ('transmissible', 'RB'), ('by', 'AP'), ('mechanical', 'NI'), ('inoculation', 'UH'), ('(', 'FW'), ('Black', 'WQ'), (',', 'DT'), ('1944', 'NR'), (';', '*'), (';', 'WQ')]"
119,"[('I', 'PN'), ('knew', '('), ('better', 'CC'), ('.', 'OD')]"
194,"[('There', 'AT'), ('have', 'QL'), ('always', '('), ('been', ','), ('tales', 'CD'), ('of', 'WQ'), ('disillusionment', 'NN'), ('--', 'HV'), ('the', 'MD'), ('competent', 'DO'), ('technician', 'PN'), ('who', 'BE'), ('became', 'NP'), ('an', 'NP'), ('administrator', 'START'), (',', '(-'), ('willingly', 'NI'), ('or', 'EX'), ('not', 'AB'), (',', ',-'), ('and', 'QL'), ('found', 'NI'), ('he', 'IN'), (""didn't"", ')'), ('like', 'END'), ('it', 'AB'), (';', ':-'), (';', 'JJ')]"
198,"[('A', 'MD'), ('good', 'AT'), ('word', 'CS'), ('for', 'RN'), ('it', '(-'), ('is', 'DO'), ('fellowship', '*'), ('.', '*')]"
201,"[('The', 'JJ'), ('ordinance', 'WP'), ('would', 'MD'), ('increase', ',-'), ('fees', '.-'), ('from', 'PP'), ('$1', 'IN'), ('for', '*-'), ('males', 'AT'), ('and', 'START'), ('$2', ')'), ('for', 'WR'), ('females', 'IN'), ('to', 'RN'), ('a', 'EX'), ('flat', ""'""), ('$5', '*'), ('a', 'CD'), ('dog', 'WP'), ('.', 'EX')]"
241,"[('Marshall', '*'), ('Formby', 'FW'), ('of', 'AP'), ('Plainview', ')'), (',', 'UH'), ('former', '``'), ('chairman', 'WR'), ('of', 'CC'), ('the', 'NP'), ('Texas', 'RB'), ('Highway', 'QL'), ('Commission', 'JJ'), (',', 'HV'), ('suggested', ')-'), ('a', 'AP'), ('plan', 'END'), ('to', '--'), ('fill', 'WD'), ('by', 'NR'), ('appointment', 'PN'), ('future', 'CC'), ('vacancies', 'EX'), ('in', 'WD'), ('the', 'CD'), ('Legislature', 'PP'), ('and', '(-'), ('Congress', 'IN'), (',', 'WD'), ('eliminating', '*-'), ('the', 'VB'), ('need', 'START'), ('for', 'NR'), ('costly', 'IN'), ('special', 'WP'), ('elections', 'PN'), ('.', 'AB')]"